機構代碼,區域,縣市,行政區,機構名稱,地址,電話,經度,緯度
0111070010,台北區,基隆市,信義區,衛生福利部基隆醫院,基隆市信義區信二路２６８號,02-24292525,121.748322,25.130456
1411030013,台北區,基隆市,暖暖區,醫療財團法人臺灣區煤礦業基金會臺灣礦工醫院,基隆市暖暖區源遠路２９號,02-24579101,121.733254,25.107904
0511040010,台北區,基隆市,中正區,三軍總醫院附設基隆民眾診療服務處,基隆市中正區正榮街100號,02-24231735,121.764267,25.144625
0101090517,台北區,臺北市,中正區,臺北市立聯合醫院-和平院區,臺北市中正區中華路二段33號,02-23889595,121.506986,25.03562226
0101090517,台北區,臺北市,大同區,臺北市立聯合醫院-中興院區,臺北市大同區鄭州路145號,02-25523234,121.5093209,25.0509696
0101090517,台北區,臺北市,士林區,臺北市立聯合醫院-陽明院區,臺北市士林區雨聲街105號,02-28353456#5145,121.5315656,25.105194
0101090517,台北區,臺北市,南港區,臺北市立聯合醫院-忠孝院區,臺北市南港區同德路87號,02-27861288,121.5860755,25.0465327
1101010021,台北區,臺北市,松山區,基督復臨安息日會醫療財團法人臺安醫院,臺北市松山區八德路二段424號,02-27718151,121.547339,25.0480541
0501010019,台北區,臺北市,松山區,三軍總醫院松山分院附設民眾診療服務處,臺北市松山區健康路１３１號,02-27642151,121.557672,25.054373
1101010012,台北區,臺北市,松山區,長庚醫療財團法人台北長庚紀念醫院,臺北市松山區敦化北路１９９號,02-27135211,121.5496556,25.0555992
1101110026,台北區,臺北市,內湖區,康寧醫療財團法人康寧醫院,臺北市內湖區成功路五段４２０巷２６號,02-26345500,121.6089476,25.0758907
0901190010,台北區,臺北市,萬華區,西園醫療社團法人西園醫院,臺北市萬華區西園路二段270號,02-23076968,121.494405,25.027743
1501010010,台北區,臺北市,松山區,博仁綜合醫院,臺北市松山區光復北路66號、68號地下一層、68號、68號2至7樓、68號2樓之1至7樓之1、68號2樓之2至7樓之2,02-25786677#2019、0978-199960,121.5576835,25.0499097
0701160518,台北區,臺北市,北投區,臺北市立關渡醫院(委託臺北榮民總醫院經營),臺北市北投區知行路225巷12號,02-28587000,121.4662583,25.12048992
0501160014,台北區,臺北市,北投區,三軍總醫院北投分院附設民眾診療服務處,臺北市北投區新民路60號,02-28959808,121.5098927,25.13960801
1501021219,台北區,臺北市,大安區,秀傳醫院,臺北市大安區光復南路116巷1號,02-27717172,121.5568422,25.04312941
1231030015,台北區,新北市,永和區,天主教耕莘醫療財團法人永和耕莘醫院,新北市永和區中興街80號地下1樓至地上6樓及國光路123號地下3樓至地上11樓,02-29286060,121.51787,25.011874
1331160010,台北區,新北市,泰山區,輔仁大學學校財團法人輔仁大學附設醫院,新北市泰山區貴子路69號(地下4層、地上1至11層及13層、15層),02-85128888,121.430799,25.039676
1131110516,台北區,新北市,汐止區,國泰醫療財團法人汐止國泰綜合醫院,新北市汐止區建成路59巷2號地下4樓至地上12樓,02-26482121#3910,121.661084,25.072872
0131060029,台北區,新北市,新莊區,衛生福利部臺北醫院,新北市新莊區思源路127號,02-22765566,121.459623,25.043241
1131090019,台北區,新北市,三峽區,行天宮醫療志業醫療財團法人恩主公醫院,新北市三峽區復興路399號,02-26723456#6105,121.363008,24.938385
0131020016,台北區,新北市,三重區,新北市立聯合醫院,新北市三重區新北大道1段3號、3之1號,02-29829111,121.490998,25.060821
0131020016,台北區,新北市,板橋區,新北市立聯合醫院-板橋院區,新北市板橋區英士路198號,02-22575151,121.457634,25.023779
0431270012,台北區,新北市,金山區,國立臺灣大學醫學院附設醫院金山分院,新北市金山區五湖里玉爐路7號,02-24989898,121.628395,25.219556
1531060180,台北區,新北市,新莊區,新泰綜合醫院,新北市新莊區新樹路176號,02-29962121,121.434351,25.021432
1531071030,台北區,新北市,樹林區,仁愛醫院,新北市樹林區文化街9號(地下1、2樓及地上1樓至8樓),02-26834567,121.420039,24.987188
1531120038,台北區,新北市,瑞芳區,瑞芳礦工醫院,新北市瑞芳區一坑路71之2號,02-24974101,121.80217,25.108602
1231050017,台北區,新北市,新店區,天主教耕莘醫療財團法人耕莘醫院安康院區,新北市新店區車子路15號,02-22123066,121.5038556,24.95367737
1131130018,台北區,新北市,土城區,新北市立土城醫院（委託長庚醫療財團法人興建經營）,新北市土城區金城路2段6號,02-22630588,121.4487698,24.97632289
1531041390,台北區,新北市,中和區,怡和醫院,新北市中和區連城路49號,02-22450009,121.4985288,25.00190762
1531131157,台北區,新北市,土城區,恩樺醫院,新北市土城區中央路一段7之18號,02-22639955,121.4488352,24.9911882
1134010022,台北區,宜蘭縣,宜蘭市,宜蘭仁愛醫療財團法人宜蘭仁愛醫院,宜蘭縣宜蘭市中山路二段260號,03-9321888,121.754451,24.748723
0434010518,台北區,宜蘭縣,宜蘭市,國立陽明大學附設醫院,宜蘭縣宜蘭市校舍路169號,03-9325192,121.754029,24.757853
0634070018,台北區,宜蘭縣,員山鄉,臺北榮民總醫院員山分院,宜蘭縣員山鄉榮光路386號,03-9222141,121.687824,24.721919
1134020028,台北區,宜蘭縣,羅東鎮,天主教靈醫會醫療財團法人羅東聖母醫院,宜蘭縣羅東鎮中正南路160號,03-9544106,121.77159,24.67187
0634030014,台北區,宜蘭縣,蘇澳鎮,臺北榮民總醫院蘇澳分院,宜蘭縣蘇澳鎮蘇濱路一段301號,03-9905106,121.848611,24.614096
1134050026,台北區,宜蘭縣,礁溪鄉,天主教靈醫會醫療財團法人礁溪杏和醫院,宜蘭縣礁溪鄉礁溪路4段129號,03-9886996,121.769144,24.820582
1134020019,台北區,宜蘭縣,羅東鎮,醫療財團法人羅許基金會羅東博愛醫院,宜蘭縣羅東鎮南昌街83號,03-9543131#1131,121.772942,24.671778
0190030516,台北區,金門縣,金湖鎮,衛生福利部金門醫院,金門縣金湖鎮復興路2號,082-332546#11801,118.4160218,24.4431883
0131060010,台北區,新北市,新莊區,衛生福利部樂生療養院,桃園縣龜山鄉萬壽路1段50巷2號及新北市新莊區中正路794號,02-82006600,121.407968,25.020372
0132110519,北區,桃園市,新屋區,衛生福利部桃園醫院新屋分院,桃園市新屋區新屋村14鄰新福二路六號,03-4971989,121.107189,24.969856
0532090029,北區,桃園市,龍潭區,國軍桃園總醫院附設民眾診療服務處,桃園市龍潭區中興路168號,03-4799595,121.234867,24.877602
0632010014,北區,桃園市,桃園區,臺北榮民總醫院桃園分院,桃園市桃園區成功路三段一○○號,03-3384889,121.325155,25.00402
1532011154,北區,桃園市,桃園區,敏盛綜合醫院,桃園市桃園區經國路168號,03-3179599,121.306314,25.016234
1132010024,北區,桃園市,桃園區,沙爾德聖保祿修女會醫療財團法人聖保祿醫院,桃園市桃園區建新街123號,03-3613141,121.312242,24.982288
1532040066,北區,桃園市,楊梅區,怡仁綜合醫院,桃園市楊梅區楊新北路三二一巷三０號,03-4855566,121.155427,24.916951
1532040039,北區,桃園市,楊梅區,天成醫院,桃園市楊梅區中山北路一段三五六號,03-4782350,121.1571669,24.962516
1532100049,北區,桃園市,平鎮區,聯新國際醫院,桃園市平鎮區廣泰路七七號、桃園市平鎮區延平路二段430巷115號,03-4941234,121.20496,24.94612
0932020025,北區,桃園市,中壢區,天成醫療社團法人天晟醫院,桃園市中壢區延平路155號,03-4629292,121.229327,24.962795
1532021383,北區,桃園市,中壢區,懷寧醫院,桃園市中壢區志廣路119號,03-4919119,121.2055551,24.96146942
1132071036,北區,桃園市,龜山區,長庚醫療財團法人桃園長庚紀念醫院,桃園市龜山區頂湖路123號,03-3196200,121.3667802,25.02988402
1532021365,北區,桃園市,中壢區,華揚醫院,桃園市中壢區中北路二段316號,"	03-4577200",121.2299712,24.95313224
1532020215,北區,桃園市,中壢區,祐民醫院,桃園市中壢區民族路二段180號,03-4915656,121.2037883,24.95751014
1532021338,北區,桃園市,中壢區,中壢長榮醫院,桃園市中壢區環中東路150號,03-4631230,121.2578603,24.96448913
2332130017,北區,桃園市,復興區,復興區衛生所,桃園市復興區澤仁里中正路25號,03-3822325,121.3510651,24.81512769
0512040014,北區,新竹市,北區,國軍桃園總醫院新竹分院附設民眾診療服務處,新竹市北區武陵路3號,03-5348181#325117,120.961966,24.816144
1112010528,北區,新竹市,東區,國泰醫療財團法人新竹國泰綜合醫院,新竹市東區福德里中華路二段六七八號及六七八號之一,03-5278999#7999,120.965227,24.798257
1512011185,北區,新竹市,東區,南門綜合醫院,新竹市東區成功里林森路20號,03-5261122#150,120.969682,24.80222
0433050018,北區,新竹縣,竹東鎮,國立臺灣大學醫學院附設醫院新竹臺大分院生醫醫院竹東院區,新竹縣竹東鎮至善路52號,03-5943248,121.09328,24.719099
0633030010,北區,新竹縣,竹東鎮,臺北榮民總醫院新竹分院,新竹縣竹東鎮中豐路一段81號,03-5962134,121.100178,24.722617
1333050017,北區,新竹縣,竹北市,中國醫藥大學新竹附設醫院,新竹縣竹北市興隆路一段199號,03-5580558,121.001989,24.824037
0433050018,北區,新竹縣,竹北市,國立臺灣大學醫學院附設醫院新竹臺大分院生醫醫院竹北院區,新竹縣竹北市生醫路一段2號302,03-6677600,121.043718,24.80607
1133060019,北區,新竹縣,湖口鄉,天主教仁慈醫療財團法人仁慈醫院,新竹縣湖口鄉忠孝路２９號,03-5993500#2190,121.045474,24.900496
1533051063,北區,新竹縣,竹北市,大安醫院,新竹縣竹北市博愛街318巷6號,03-5557188,121.0081583,24.83498111
1533051072,北區,新竹縣,竹北市,新仁醫院,新竹縣竹北市博愛街331號,03-5552039,121.0078125,24.83560451
1535010051,北區,苗栗縣,苗栗市,大千綜合醫院,苗栗縣苗栗市恭敬路36 號,037-357125,120.8149327,24.54986318
0135010016,北區,苗栗縣,苗栗市,衛生福利部苗栗醫院,苗栗縣苗栗市為公路747號,037-261920,120.840405,24.575655
1135050020,北區,苗栗縣,頭份市,為恭醫療財團法人為恭紀念醫院,苗栗縣頭份市信義路128號,037-676811,120.907345,24.687096
0935020027,北區,苗栗縣,苑裡鎮,李綜合醫療社團法人苑裡李綜合醫院,苗栗縣苑裡鎮和平路168號,037-862387,120.65272,24.44182
1535081078,北區,苗栗縣,大湖鄉,大順醫院,苗栗縣大湖鄉中正路四十八之五號,037-997666,120.867619,24.422435
1535051178,北區,苗栗縣,頭份市,重光醫院,苗栗縣頭份市中華路1037號,03-7682666,120.9086611,24.6866964
1535010024,北區,苗栗縣,苗栗市,協和醫院,苗栗縣苗栗市中正路1367號,03-7352631,120.8176672,24.54129848
1535031041,北區,苗栗縣,通霄鎮,通霄光田醫院,苗栗縣通霄鎮中山路88號,037-759999,120.6803423,24.48958265
0935010012,北區,苗栗縣,苗栗市,梓榮醫療社團法人弘大醫院,苗栗縣苗栗市新東街125號,037-320508,120.8215602,24.5517864
1535040068,北區,苗栗縣,竹南鎮,慈祐醫院,苗栗縣竹南鎮民治街17號,037-476589,120.8789169,24.68477405
0936030018,中區,臺中市,大甲區,李綜合醫療社團法人大甲李綜合醫院,臺中市大甲區八德街2號,04-26862288,120.618073,24.350784
1136200015,中區,臺中市,大里區,仁愛醫療財團法人大里仁愛醫院,臺中市大里區東榮路４８３號,04-24819900#11564,120.680434,24.109261
1517011112,中區,臺中市,中區,澄清綜合醫院,臺中市中區平等街139號,04-24632000,120.68161,24.142603
0536190011,中區,臺中市,太平區,國軍臺中總醫院附設民眾診療服務處,臺中市太平區中山路二段３４８號,04-23934191#525434,120.730557,24.150646
0117030010,中區,臺中市,西區,衛生福利部臺中醫院,臺中市西區廣民里三民路1段199號,04-22294411,120.6762712,24.1406262
0917070029,中區,臺中市,南屯區,林新醫療社團法人林新醫院,臺中市南屯區惠中路3段36號,04-22586688,120.6403479,24.1490126
0903150014,中區,臺中市,烏日區,林新醫療社團法人烏日林新醫院,臺中市烏日區榮和路168號,04-23388766,120.598173,24.109851
1136090519,中區,臺中市,潭子區,佛教慈濟醫療財團法人臺中慈濟醫院,臺中市潭子區豐興路一段88號,04-36060666 ,120.721608,24.195792
0136010010,中區,臺中市,豐原區,衛生福利部豐原醫院,臺中市豐原區安康路１００號,04-25271180,120.725292,24.242707
1303180011,中區,臺中市,霧峰區,亞洲大學附屬醫院,臺中市霧峰區福新路222號,04-37061668,120.686043,24.053652
0517050010,中區,臺中市,北區,國軍臺中總醫院中清分院附設民眾診療服務處,臺中市北區忠明路500號,04-36020126,120.672018,24.162466
1536100081,中區,臺中市,大雅區 ,清泉醫院,臺中市大雅區三和里雅潭路四段80號 ,04-25605600 ,120.6663745,24.21705918
1503190020,中區,臺中市,太平區,長安醫院,臺中市太平區永平路1段9號,04-36113611,120.7196895,24.13118697
1436020013,中區,臺中市,東勢區,東勢區農會附設農民醫院(抗原快篩服務),臺中市東勢區豐勢路297號,04-25771919,120.8291155,24.25348752
1517020040,中區,臺中市,東區,台新醫院(抗原快篩服務),臺中市東區振興路441號,04-22139966,120.7055594,24.13029581
0917050027,中區,臺中市,北區,維新醫療社團法人台中維新醫院(抗原快篩服務),臺中市北區育德路185號,04-22038585,120.6724263,24.15715301
2336210034,中區,臺中市,和平區,梨山衛生所(抗原快篩服務),臺中市和平區中正路68號,04-25989540,121.2551656,24.25437763
3503030147,中區,臺中市,大甲區,全信賴診所,臺中市大甲區甲后路五段267號,04-26762248,120.6339478,24.34468752
0638020014,中區,南投縣,埔里鎮,臺中榮民總醫院埔里分院,南投縣埔里鎮蜈蚣里榮光路1號,049-2990-833#3000,120.995785,23.975834
0938030016,中區,南投縣,草屯鎮,佑民醫療社團法人佑民醫院,南投縣草屯鎮太平路一段200號,0979-933795,120.681661,23.960591
1138010019,中區,南投縣,南投市,彰化基督教醫療財團法人南投基督教醫院,南投縣南投市中興路870號,049-2225595#1195,120.683969,23.898903
1138020015,中區,南投縣,埔里鎮,埔基醫療財團法人埔里基督教醫院,南投縣埔里鎮鐵山路一號(急診),049-2912151#1159,120.946524,23.970449
1538041101,中區,南投縣,竹山鎮,竹山秀傳醫療社團法人竹山秀傳醫院,南投縣竹山鎮集山路二段７５號,049-2624266#32153,120.713958,23.800162
1137080017,中區,彰化縣,二林鎮,彰化基督教醫療財團法人二林基督教醫院,彰化縣二林鎮南光里大成路一段558號、安和街40巷28號2樓,04-8960128,120.363344,23.893608
1137050019,中區,彰化縣,員林市,彰化基督教醫療財團法人員林基督教醫院,彰化縣員林市南平里莒光路456號,04-8381456,120.566953,23.96275
0137170515,中區,彰化縣,埔心鄉,衛生福利部彰化醫院,彰化縣埔心鄉中正路二段80號,04-8298686,120.527299,23.950225
1137020520,中區,彰化縣,鹿港鎮,彰化基督教醫療財團法人鹿港基督教醫院,彰化縣鹿港鎮中正路480號,04-7779595,120.438211,24.060379
1537040066,中區,彰化縣,北斗鎮,卓醫院,彰化縣北斗鎮中山路一段３１１號,04-8882517,120.51554,23.872278
0937030012,中區,彰化縣,和美鎮,道周醫療社團法人道周醫院,彰化縣和美鎮和光路180號、和善路118號,04-7566995,120.491865,24.110572
0937050014,中區,彰化縣,員林市,員榮醫療社團法人員榮醫院,彰化縣員林市中正路201號,04-8326161,120.5748665,23.95348092
0937050014,中區,彰化縣,員林市,員榮醫療社團法人員榮醫院員生院區,彰化縣員林市莒光路359號,04-8383995,120.566404,23.95925
0937050024,中區,彰化縣,員林市,惠來醫療社團法人宏仁醫院,彰化縣員林市惠來街89號,04-8375878,120.570296,23.9551145
1137010051,中區,彰化縣,彰化市,彰化基督教醫療財團法人漢銘基督教醫院,彰化縣彰化市中山路一段366號,04-7113456,120.5356883,24.06129986
1537050071,中區,彰化縣,員林市,員林何醫院(抗原快篩服務),彰化縣員林市民族街33號,04-834-3838,120.5706243,23.95712642
0439010527,南區,雲林縣,斗六市,國立成功大學醫學院附設醫院斗六分院,雲林縣斗六市莊敬路345號,05-5332121,120.545879,23.701971
1339060017,南區,雲林縣,北港鎮,中國醫藥大學北港附設醫院,雲林縣北港鎮新德路１２３號,05-7837901,120.307229,23.590144
1139040011,南區,雲林縣,西螺鎮,彰化基督教醫療財團法人雲林基督教醫院,雲林縣西螺鎮新豐里市場南路371、375號,05-5871111,120.441373,23.780705
1139030015,南區,雲林縣,虎尾鎮,天主教若瑟醫療財團法人若瑟醫院,雲林縣虎尾鎮新生路74號(民權路2號),05-6337333,120.437343,23.708016
1139130010,南區,雲林縣,麥寮鄉,長庚醫療財團法人雲林長庚紀念醫院,雲林縣麥寮鄉中興村工業路1500號,05-6915151,120.218628,23.795598
0439010518,南區,雲林縣,虎尾鎮,國立臺灣大學醫學院附設醫院雲林分院虎尾院區,雲林縣虎尾鎮學府路95號,05-6330002,120.4279313,23.73522006
0622020017,南區,嘉義市,西區,臺中榮民總醫院嘉義分院(上午),嘉義市西區劉厝里世賢路二段６００號,05-2359630,120.42297,23.46755
1122010021,南區,嘉義市,東區,天主教中華聖母修女會醫療財團法人天主教聖馬爾定醫院(下午),嘉義市東區短竹里大雅路二段565號,05-2756000,120.467671,23.47635
0122020517,南區,嘉義市,西區,衛生福利部嘉義醫院(下午、晚上),嘉義市西區北港路312號,05-2319090,120.42936,23.481544
1522011115,南區,嘉義市,東區,陽明醫院,嘉義市東區吳鳳北路252號,05-2252000,120.4535518,23.48050296
0140010028,南區,嘉義縣,朴子市,衛生福利部朴子醫院,嘉義縣朴子市永和里5鄰應菜埔４２－５０號,05-3790600,120.234632,23.464349
0640140012,南區,嘉義縣,竹崎鄉,臺中榮民總醫院灣橋分院,嘉義縣竹崎鄉灣橋村石麻園38號,05-2791072,120.506664,23.487187
0121050011,南區,臺南市,中西區,衛生福利部臺南醫院,臺南市中西區中山路125號,06-2200055,120.208805,22.99638
1141090512,南區,臺南市,柳營區,奇美醫療財團法人柳營奇美醫院,臺南市柳營區太康里201號,06-6226999,120.324705,23.289269
1121010018,南區,臺南市,東區,台灣基督長老教會新樓醫療財團法人台南新樓醫院,臺南市東區東門路1段57號,06-2748316,120.212807,22.989158
1105040016,南區,臺南市,麻豆區,台灣基督長老教會新樓醫療財團法人麻豆新樓醫院,臺南市麻豆區埤頭里苓子林20號,06-5702228,120.233033,23.179874
1105050012,南區,臺南市,佳里區,奇美醫療財團法人佳里奇美醫院,臺南市佳里區佳興里佳里興606號,06-7263333,120.183662,23.181699
0141270019,南區,臺南市,仁德區,衛生福利部胸腔病院,臺南市仁德區中山路864號,06-2705911,120.241821,22.975271
1521031104,南區,臺南市,中西區,郭綜合醫院,臺南市中西區民生路2段6.8.10.12.14.18.20.22.23.24.25.27.44號及40、42號1、2樓,06-2221111,120.198827,22.994984
1305370013,南區,臺南市,安南區,臺南市立安南醫院委託中國醫藥大學興建經營,臺南市安南區長和路二段66號,06-3553111,120.223192,23.064232
0905320023,南區,臺南市,東區,台南市立醫院（委託秀傳醫療社團法人經營),臺南市東區崇德路670號,06-2609926,120.226743,22.968535
0141010013,南區,臺南市,新營區,衛生福利部新營醫院,臺南市新營區信義街73號,06-6351131,120.313307,23.308848
0141060513,南區,臺南市,新化區,衛生福利部臺南醫院新化分院,臺南市新化區那拔里牧場72號,06-5911929,120.336408,23.062491
0641310018,南區,臺南市,永康區,高雄榮民總醫院臺南分院,臺南市永康區復興路427號,06-3125101,120.240268,22.997284
0905290020,南區,臺南市,關廟區,吉安醫療社團法人吉安醫院,臺南市關廟區中正路435號 ,06-6025115,120.3445776,22.96701263
1541011126,南區,臺南市,新營區,營新醫院,臺南市新營區隋唐街228號,06-6592345,120.2998589,23.30849496
3505070032,南區,臺南市,善化區,誼仁診所(抗原快篩服務),臺南市善化區中正路387號,06-5817267,120.2939464,23.12799491
3541313172,南區,臺南市,永康區,中正耳鼻喉科診所(抗原快篩服務),臺南市永康區正強街231號,06-2333566,120.2515169,23.02973265
3541010247,南區,臺南市,新營區,杏仁診所,臺南市新營區民權里民有街27號1樓,06-6332659,120.3146436,23.30373169
1102110011,高屏區,高雄市,小港區,高雄市立小港醫院,高雄市小港區山明里山明路四八二號B1-10樓,07-8036783#3134,120.363101,22.567359
0502030015,高屏區,高雄市,左營區,國軍高雄總醫院左營分院附設民眾診療服務處,高雄市左營區軍校路５５３號,07-5817121,120.290414,22.701528
0902080013,高屏區,高雄市,苓雅區,阮綜合醫院,"高雄市苓雅區成功一路156號1-3樓及162號B1-10樓.四維四路136號B4-12樓.156號B2,1-4,9-13樓及166號B2-11樓.永昌街49號1-6樓",07-3351121,120.297979,22.615753
0102080017,高屏區,高雄市,苓雅區,高雄市立民生醫院,高雄市苓雅區凱旋二路１３４號,07-7222105,120.323592,22.626657
0502080015,高屏區,高雄市,苓雅區,國軍高雄總醫院附設民眾診療服務處,高雄市苓雅區建軍路５號,07-7496751,120.34114,22.626236
1502040021,高屏區,高雄市,楠梓區,健仁醫院,高雄市楠梓區楠陽路１３６號朝明路１３０巷７弄１號１-５樓,07-3517166,120.328988,22.72362
0102020011,高屏區,高雄市,鼓山區,高雄市立聯合醫院,高雄市鼓山區中華一路976號,07-5552565,120.291194,22.654927
0142030019,高屏區,高雄市,旗山區,衛生福利部旗山醫院,高雄市旗山區中學路６０號,07-6613811,120.483264,22.880796
0102070020,高屏區,高雄市,前金區,高雄市立大同醫院(委託財團法人私立高雄醫學大學附設中和紀念醫院經營),高雄市前金區中華三路68號,07-2911101,120.296938,22.62715
1542010052,高屏區,高雄市,鳳山區,大東醫院,高雄市鳳山區光遠路171-2號,07-7463762,120.362057,22.625364
1542050056,高屏區,高雄市,林園區,建佑醫院,高雄市林園區東林西路358號B1-6樓、360號B1-6樓、362號B1-6樓、364巷10號B1-6樓、399號1-4樓、407巷7號1-3樓、364巷10-2號1-2樓,07-6437901,120.38668,22.503832
1107350015,高屏區,高雄市,苓雅區,天主教聖功醫療財團法人聖功醫院,高雄市苓雅區建國一路352號,07-2238153,120.323966,22.63316
0942020019,高屏區,高雄市,岡山區,高雄市立岡山醫院（委託秀傳醫療社團法人經營）,高雄市岡山區壽天路12號,07-6240686,120.294443,22.796612
1142010518,高屏區,高雄市,鳳山區,高雄市立鳳山醫院（委託長庚醫療財團法人經營）,高雄市鳳山區經武路42號,07-7418151,120.362974,22.628244
0542020011,高屏區,高雄市,岡山區,國軍高雄總醫院岡山分院附設民眾診療服務處,高雄市岡山區大義二路１號,07-6250919#1099,120.285874,22.789456
1107120017,高屏區,高雄市,燕巢區,義大醫療財團法人義大癌治療醫院,高雄市燕巢區角宿里義大路1號 急診戶外採檢站,0978-060259 ,120.364996,22.766107
1307370011,高屏區,高雄市,旗津區,高雄市立旗津醫院(委託財團法人私立高雄醫學大學經營),高雄市旗津區旗港路33號1樓(急診室),07-5711188,120.285113,22.59021
1542011282,高屏區,高雄市,鳳山區,杏和醫院,高雄市鳳山區五甲二路385號、387號、389號、391號B1-9樓、470號1樓,07-7613111,120.335627,22.597673
1107320017,高屏區,高雄市,三民區,義大醫療財團法人義大大昌醫院,高雄市三民區大昌一路305號,07-5599123,120.3199,22.657727
1502110064,高屏區,高雄市,小港區,安泰醫院,高雄市小港區學府路111號,07-8017856,120.3617306,22.56540243
0643130018,高屏區,屏東縣,內埔鄉,高雄榮民總醫院屏東分院,屏東縣內埔鄉龍潭村昭勝路安平一巷一號,08-7704115,120.599009,22.674418
0143010011,高屏區,屏東縣,屏東市,衛生福利部屏東醫院,屏東縣屏東市自由路２７０號,08-7363011,120.495546,22.673264
1343030018,高屏區,屏東縣,東港鎮,輔英科技大學附設醫院,屏東縣東港鎮中山路５號及光復路一段318號,08-8323146,120.452734,22.465199
0943160012,高屏區,屏東縣,枋寮鄉,枋寮醫療社團法人枋寮醫院,屏東縣枋寮鄉安樂村中山路139號(代表號)及枋寮鄉安樂村隆山路59號,08-8789991,120.596376,22.36395
1143010012,高屏區,屏東縣,屏東市,屏基醫療財團法人屏東基督教醫院,屏東縣屏東市大連路６０號,08-7368686,120.502626,22.682151
1543010109,高屏區,屏東縣,屏東市,國仁醫院,屏東縣屏東市民生東路12-2號,08-7223000,120.514572,22.658334
0543010019,高屏區,屏東縣,屏東市,國軍高雄總醫院附設屏東民眾診療服務處,屏東縣屏東市大湖路５８巷２２號,08-7560756,120.487574,22.633503
0943010017,高屏區,屏東縣,屏東市,寶建醫療社團法人寶建醫院,屏東縣屏東市中山路123號,08-7665995,120.484301,22.681631
1143040010,高屏區,屏東縣,恆春鎮,恆基醫療財團法人恆春基督教醫院,屏東縣恆春鎮山腳里恆西路21號,08-8892293,120.741104,22.002365
0143040019,高屏區,屏東縣,恆春鎮,衛生福利部恆春旅遊醫院,屏東縣恆春鎮山腳里恆南路１８８號,08-8892704,120.744829,21.999154
1543110033,高屏區,屏東縣,高樹鄉,大新醫院,屏東縣高樹鄉長榮村興中路208號,08-7962033,120.599646,22.823792
0943020013,高屏區,屏東縣,潮州鎮,安泰醫療社團法人潮州安泰醫院,屏東縣潮州鎮三星里四維路162及193號,08-7800888,120.546964,22.554031
0943040015,高屏區,屏東縣,恆春鎮,南門醫療社團法人南門醫院,屏東縣恆春鎮南門路10號,08-8894568 ,120.7453691,22.00095622
1543020105,高屏區,屏東縣,潮州鎮,茂隆骨科醫院,屏東縣潮州鎮朝昇路322號,08-7801915,120.5392619,22.55625151
2344060011,高屏區,澎湖縣,七美鄉,七美鄉衛生所,澎湖縣七美鄉中和村埔內54號,06-9971005 ,119.430963,23.204103
2344030031,高屏區,澎湖縣,白沙鄉,吉貝衛生所,澎湖縣白沙鄉吉貝村8－13號,06-9911430,119.610071,23.740119
2344030022,高屏區,澎湖縣,白沙鄉,鳥嶼衛生所,澎湖縣白沙鄉鳥嶼漁港新村3號,06-9916092,119.660087,23.660035
0144010015,高屏區,澎湖縣,馬公市,衛生福利部澎湖醫院,澎湖縣馬公市中正路10號,06-9261151 ,119.565423,23.564553
2344050024,高屏區,澎湖縣,望安鄉,將軍衛生所,澎湖縣望安鄉將軍村12鄰將軍澳1之3號,06-9902066,119.521637,23.361397
2344050015,高屏區,澎湖縣,望安鄉,花嶼衛生室,澎湖縣望安鄉花嶼5號,06-9991739,119.320671,23.403736
2344050015,高屏區,澎湖縣,望安鄉,望安鄉衛生所,澎湖縣望安鄉西安村36－7號,06-9991036 ,119.497377,23.361897
0645020015,東區,花蓮縣,鳳林鎮,臺北榮民總醫院鳳林分院,花蓮縣鳳林鎮中正路一段2號,03-8764539 ,121.439215,23.727428
0145080011,東區,花蓮縣,豐濱鄉,衛生福利部花蓮醫院豐濱原住民分院,花蓮縣豐濱鄉光豐路41號,03-8791385,121.521184,23.601957
0545040515,東區,花蓮縣,新城鄉,國軍花蓮總醫院附設民眾診療服務處,花蓮縣新城鄉嘉里路163號,03-8263151,121.6074,24.024429
1145010038,東區,花蓮縣,花蓮市,臺灣基督教門諾會醫療財團法人門諾醫院,花蓮縣花蓮市民權路４４號,03-8241234,121.626753,23.988335
0645030011,東區,花蓮縣,玉里鎮,臺北榮民總醫院玉里分院,花蓮縣玉里鎮新興街９１號,03-8883141 ,121.312031,23.339213
0145010019,東區,花蓮縣,花蓮市,衛生福利部花蓮醫院,花蓮縣花蓮市中正路600號,03-8358141 ,121.611421,23.979207
1145030012,東區,花蓮縣,玉里鎮 ,佛教慈濟醫療財團法人玉里慈濟醫院 ,花蓮縣玉里鎮民權街1－1號 ,03-8882718 ,121.3185952,23.33492847
0146020537,東區,臺東縣,成功鎮,衛生福利部臺東醫院成功分院,臺東縣成功鎮中山東路32號,089-854748,121.377829,23.099296
0646010013,東區,臺東縣,台東市,臺北榮民總醫院臺東分院,臺東縣台東市更生路1000號,089-222528,121.132431,22.772346
1146030516,東區,臺東縣,關山鎮,佛教慈濟醫療財團法人關山慈濟醫院,臺東縣關山鎮和平路１２５之５號,089-814880,121.166766,23.057281
1146010032,東區,臺東縣,台東市,東基醫療財團法人台東基督教醫院,臺東縣台東市開封街３５０號,089-960888,121.146016,22.763821
0146010013,東區,臺東縣,台東市,衛生福利部臺東醫院,臺東縣台東市五權街１號,089-324112 ,121.150649,22.757025
1146010041,東區,臺東縣,台東市,天主教花蓮教區醫療財團法人台東聖母醫院,臺東縣台東市杭州街2號,089-322833,121.1463877,22.7577577
0291010010,台北區,連江縣,南竿鄉,連江縣立醫院,連江縣南竿鄉復興村217號,083-623995 ,119.948945,26.161011
2391020010,台北區,連江縣,北竿鄉,北竿衛生所,連江縣北竿鄉塘岐村25號,083-655592 ,119.9963,26.223229
2391040012,台北區,連江縣,東引鄉,東引衛生所,連江縣東引鄉中柳村123號,083-677206 ,120.490658,26.367287
2391030016,台北區,連江縣,莒光鄉,西莒衛生所,連江縣莒光鄉青帆村14－1號,083-689122 ,119.937967,25.967984
2391030026,台北區,連江縣,莒光鄉,東莒衛生所,連江縣莒光鄉大坪村30－1號,083-689038 ,119.976883,25.958155
2346110014,東區,臺東縣,綠島鄉,臺東縣綠島鄉衛生所,臺東縣綠島鄉中寮村1－1號,089-672511,121.469647,22.673159
2346160014,東區,臺東縣,蘭嶼鄉,臺東縣蘭嶼鄉衛生所,臺東縣蘭嶼鄉紅頭村36號,089-732575,121.554739,22.024836
0190030516,台北區,金門縣,烈嶼鄉,衛生福利部金門醫院-烈嶼院區,金門縣烈嶼鄉后井37號,082-364268,118.242498,24.4309
3501151269,台北區,臺北市,士林區,粱耳鼻喉科診所,台北市士林區社正路12之1號,02-28168456,121.509303,25.08855
3501154475,台北區,臺北市,士林區,樹爸爸親子診所,台北市士林區德行東路286號,02-28381838,121.535979,25.109961
3501022610,台北區,臺北市,大安區,陳建銓耳鼻喉科診所,台北市大安區樂利路93號,02-27365811,121.552278,25.025507
350102A107,台北區,臺北市,大安區,夏爾診所,台北市大安區信義路四段265巷54號,02-23255508,121.555537,25.034984
3501107574,台北區,臺北市,中山區,榮星診所,台北市中山區龍江路272號,02-25168112,121.540638,25.060607
3501112815,台北區,臺北市,內湖區,魏之明小兒科診所,台北市內湖區康寧路三段54-6號,02-26306968,121.609493,25.071431
3501113330,台北區,臺北市,內湖區,仁弘耳鼻喉科診所,台北市內湖區內湖路一段737巷50弄37號一樓,02-26596360,121.578401,25.080693
3501200785,台北區,臺北市,文山區,陳建業診所,台北市文山區景文街86號,02-29358181,121.541149,24.989283
3501195869,台北區,臺北市,萬華區,益銓診所,台北市萬華區萬大路233號,02-23331323,121.500595,25.026491
3501196071,台北區,臺北市,萬華區,名家耳鼻喉科診所,台北市萬華區西藏路107-2號,02-23036513,121.503456,25.029553
3531025307,台北區,新北市,三重區,詹益智耳鼻喉科診所,新北市三重區重陽路四段6號1樓,02-29859589,121.490632,25.068935
3531026368,台北區,新北市,三重區,康倍耳鼻喉科診所,新北市三重區正義北路117號,02-29849506,121.496903,25.065958
3531024122,台北區,新北市,三重區,保順聯合診所,新北市三重區正義北路5號,02-29845630,121.4979038,25.06275694
3531092086,台北區,新北市,三峽區,文化耳鼻喉科診所,新北市三峽區文化路127號,02-86719555,121.369851,24.93621104
3531092175,台北區,新北市,三峽區,泓廷耳鼻喉科診所,新北市三峽區文化路127號,02-86719555,121.369851,24.93621104
3531046075,台北區,新北市,中和區,力禾耳鼻喉科診所,新北市中和區連城路15號,02-82457641,121.499013,25.002127
3531042586,台北區,新北市,中和區,陳建良耳鼻喉科診所,新北市中和區景新街465號,02-89413009,121.513388,24.988244
3531044491,台北區,新北市,中和區,嘉仁診所,新北市中和區華順街132號,02-29521878,121.46492,24.996272
3531045381,台北區,新北市,中和區,中和重慶耳鼻喉科診所,新北市中和區中和路127號,02-22426600,121.501804,25.000122
3531044553,台北區,新北市,中和區,翰霖耳鼻喉科診所,新北市中和區景安路202號,02-22462238,121.5040033,24.99124453
3531033827,台北區,新北市,永和區,和安耳鼻喉科診所,新北市永和區中和路525號,02-29223000,121.511129,25.002872
3531034155,台北區,新北市,永和區,頂溪耳鼻喉科診所,新北市永和區永和路二段139-1號1樓,02-29290066,121.515041,25.012561
3531034388,台北區,新北市,永和區,誠新耳鼻喉科診所,新北市永和區永和路二段173號,02-22318000,121.515224,25.013207
3531112707,台北區,新北市,汐止區,大同耳鼻喉科診所,新北市汐止區大同路二段300號,02-26919292,121.655362,25.066471
3531113366,台北區,新北市,汐止區,育和診所,新北市汐止區中正路31號,02-26486803,121.662328,25.070246
3531010137,台北區,新北市,板橋區,周耳鼻喉科診所,新北市板橋區文化路二段五號,02-22525158,121.468466,25.024262
3531013076,台北區,新北市,板橋區,林國本耳鼻喉科診所,新北市板橋區文聖街6號,02-22557445,121.475227,25.032394
3531016102,台北區,新北市,板橋區,雙十鄭林診所,新北市板橋區雙十路二段138號,02-82595133,121.473795,25.029057
3531016433,台北區,新北市,板橋區,熊明旺耳鼻喉科診所,新北市板橋區中山路二段84之2號,02-89525545,121.474835,25.016099
3531171439,台北區,新北市,林口區,黃紹基診所,新北市林口區民有街156號1樓,02-26005385,121.37255,25.075984
3531065123,台北區,新北市,新莊區,志安診所,新北市新莊幸福路521號,02-22769455,121.4554569,25.04933832
3531061938,台北區,新北市,新莊區,錦明耳鼻喉科診所,新北市新莊區民安路195號,02-22028080,121.426173,25.022614
3531062168,台北區,新北市,新莊區,馨平耳鼻喉科診所,新北市新莊區中平路82巷12號,02-89921881,121.445417,25.044781
3531063594,台北區,新北市,新莊區,沈耳鼻喉科診所,新北市新莊區富國路67號1樓,02-29016119,121.419869,25.02616
3531064368,台北區,新北市,新莊區,吳小兒科診所,新北市新莊區中平路297號,02-22799955,121.444672,25.051072
3531065267,台北區,新北市,新莊區,陳世中耳鼻喉科診所,新北市新莊區中平路277號1F,02-89928126,121.444688,25.05018
3531071943,台北區,新北市,樹林區,朱水松耳鼻喉科診所,新北市樹林區中山路一段151之2號,02-26812928,121.422068,24.989007
3531072084,台北區,新北市,樹林區,蔡瓊倩內科診所,新北市樹林區中山路一段151之2號,02-26812928,121.422058,24.989033
3531142090,台北區,新北市,蘆洲區,鴻文耳鼻喉科診所,新北市蘆洲區集賢路224巷14號,02-82863222,121.481942,25.087038
3531142947,台北區,新北市,蘆洲區,本一診所,新北市蘆洲區長榮路43-1號1樓,02-22836622,121.462967,25.082716
3531143686,台北區,新北市,蘆洲區,蘆洲現代耳鼻喉科診所,新北市蘆洲區集賢路306號1樓,02-82811112,121.481358,25.085131
3531143695,台北區,新北市,蘆洲區,蘆洲集賢耳鼻喉科診所,新北市蘆洲區集賢路306號,02-82811112,121.481358,25.085131
3531143855,台北區,新北市,蘆洲區,福安小兒科診所,新北市蘆洲區中正路131號1樓,02-82816880,121.469391,25.084572
3531142394,台北區,新北市,蘆洲區,超群耳鼻喉科診所,新北市蘆洲區長安街78號1樓,02-28487547,121.462344,25.080349
3532082379,北區,桃園市,八德區,郭淵進診所,桃園市八德區興豐路650號1樓,03-3732373,121.295374,24.930848
3532082726,北區,桃園市,八德區,李耳鼻喉科診所,桃園市八德區介壽路一段907號,03-3630063,121.299749,24.960214
3532031943,北區,桃園市,大溪區,大桃園耳鼻喉科診所,桃園市大溪區康莊路100號,03-3870976,121.288064,24.88211
3532027172,北區,桃園市,中壢區,佳國耳鼻喉科診所,桃園市中壢區中北路47號1樓,03-4664735,121.236829,24.956136
3532012804,北區,桃園市,桃園區,柯福順耳鼻喉科診所,桃園市桃園區中山路613號,03-2201122,121.294167,24.990919
3532012966,北區,桃園市,桃園區,鴻林耳鼻喉科診所,桃園市桃園區中正路567號,03-3377088,121.304908,25.004038
3532014273,北區,桃園市,桃園區,楊文彬耳鼻喉科診所,桃園市桃園區春日路850號1樓,03-3150628,121.309381,25.014804
3532014782,北區,桃園市,桃園區,李柏鋒診所,桃園市桃園區中山路807號,03-2207480,121.289171,24.989895
3532015190,北區,桃園市,桃園區,健新耳鼻喉科診所,桃園市桃園區建國路18號1樓,03-3750778,121.317322,24.986035
3532015896,北區,桃園市,桃園區,慈文診所,桃園市桃園區中正路566號,03-3355482,121.30546,25.003736
3532016919,北區,桃園市,桃園區,大中骨科診所,桃園市桃園區中正路566號,03-3355482,121.30546,25.003736
3532014773,北區,桃園市,桃園區,何翊菁診所,桃園市桃園區中埔六街123號1樓,03-3551192、03-3551466,121.2953991,25.01783393
3532041681,北區,桃園市,楊梅區,邵耳鼻喉科診所,桃園市楊梅區中興路105號,03-4813212,121.1819444,24.9186313
3532070548,北區,桃園市,龜山區,遠東耳鼻喉科診所,桃園市龜山區萬壽路二段997號,03-3502720,121.336781,24.994712
3532072159,北區,桃園市,龜山區,南崁現代診所,桃園市龜山區南祥路40號,03-3218080,121.297427,25.046271
3532072499,北區,桃園市,龜山區,無尾熊診所,桃園市龜山區文學路261號1樓,03-3278068,121.3891815,25.04157523
3532051847,北區,桃園市,蘆竹區,宏安耳鼻喉科診所,桃園市蘆竹區南昌路261號,03-2122946,121.291754,25.040157
3512042244,北區,新竹市,北區,祐庭耳鼻喉科診所,新竹市北區光華街99-1號1樓,03-5351166,120.971673,24.818121
3512010126,北區,新竹市,東區,林安復耳鼻喉科診所,新竹市東區中華路二段159號,03-5355890,120.979828,24.807053
3512011132,北區,新竹市,東區,彭耳鼻喉科診所,新竹市東區中央路195號,03-5428888,120.973597,24.808684
3512011196,北區,新竹市,東區,普惠耳鼻喉科,新竹市東區食品路259號,03-5615151,120.973793,24.795472
3512011267,北區,新竹市,東區,邱國華耳鼻喉科診所,新竹市東區北大路66 號,03-5358758,120.972097,24.812424
3512011356,北區,新竹市,東區,英慈耳鼻喉科診所,新竹市東區光復路2段308號,03-5722846,120.998682,24.795555
3512013449,北區,新竹市,東區,禾康耳鼻喉科診所,新竹市東區西大路142號,03-5623358,120.970001,24.796852
3512013805,北區,新竹市,東區,陽光診所,新竹市東區光復路一段360之5號,03-6662028,121.017513,24.783565
3512014115,北區,新竹市,東區,昇安診所,新竹市東區龍山東路1號,03-6662783,121.011666,24.789563
3512014133,北區,新竹市,東區,晨心兒科診所,新竹市東區中央路163號1樓,03-5322066,120.972635,24.808306
3533052820,北區,新竹縣,竹北市,竹北上允耳鼻喉科診所,新竹縣竹北市勝利一路111號,03-6672585,121.027563,24.821493
3533052679,北區,新竹縣,竹北市,新瓦屋小兒科診所,新竹縣竹北市文興路一段150號1樓,03-6585996,121.026601,24.81123596
3533030440,北區,新竹縣,竹東鎮,呂紹達內科診所,新竹縣竹東鎮大同路19號,03-5966228,121.087343,24.737732
3533032015,北區,新竹縣,竹東鎮,平安葉國安耳鼻喉科診所,新竹縣竹東鎮東寧路三段21號3樓,03-5950002,121.088153,24.736922
3533071058,北區,新竹縣,橫山鄉,橫山庄診所,新竹縣橫山鄉橫山街一段216號,03-5931395,121.116787,24.718767
3533051476,北區,新竹縣,竹北市,宏仁耳鼻喉專科診所,新竹縣竹北市中正東路265號,03-5558699,121.013443,24.835179
3535050235,北區,苗栗縣,頭份市,莊耳鼻喉科診所,苗栗縣頭份市中華路938號,037-681787,120.908034,24.686109
3535051830,北區,苗栗縣,頭份市,黃耳鼻喉科診所,苗栗縣頭份市中華路938號,037-681787,120.908027,24.686112
3536030451,中區,臺中市,大甲區,琉璃光診所,台中市大甲區順天路342號,04-26873051,120.6272075,24.35025191
3517082999,中區,臺中市,北屯區,承安耳鼻喉科診所,台中市北屯區北屯路441號,04-22425252,120.700744,24.179698
3517020891,中區,臺中市,東區,惟康耳鼻喉科診所,台中市東區建成路662號,04-22808716,120.69053,24.132027
3536021452,中區,臺中市,東勢區,長頸鹿小兒科診所,台中市東勢區豐勢路418號,04-25771809,120.8292479,24.25540886
3503280987,中區,臺中市,南屯區,主悅診所,台中市南屯區干城街269號1樓,04-22540711,120.632392,24.152346
3517073356,中區,臺中市,南屯區,東寧耳鼻喉科診所,台中市南屯區東興路二段289號1樓,04-24711200,120.652861,24.144138
3536012515,中區,臺中市,豐原區,張宗聖耳鼻喉科診所,台中市豐原區中正路66號,04-25200049,120.7215,24.252807
3536131220,中區,臺中市,外埔區,佳優診所,台中市外埔區甲后路三段1042號,04-26832807,120.653134,24.332151
3503272145,中區,臺中市,西屯區,台中工業區員工診所,台中市西屯區工業五路二號,04-23507295,120.607879,24.168796
3536020339,中區,臺中市,東勢區,維恩耳鼻喉科診所,台中市東勢區豐勢路372號,04-25885413,120.829586,24.254369
3538011918,中區,南投縣,南投市,蔡良迪診所,南投縣南投市中學西路85號,049-2391296,120.6912946,23.94614402
3522011555,南區,嘉義市,東區,趙善楷耳鼻喉科診所,嘉義市東區新生路230號,05-2759955,120.46093,23.48412
3521030378,南區,臺南市,中西區,李朝泰小兒科診所,台南市中西區成功路319號,06-2256618,120.200418,22.999849
3521042654,南區,臺南市,北區,許庭碩耳鼻喉科診所,台南市北區臨安路二段252號,06-2282238,120.201365,23.004221
3521040838,南區,臺南市,北區,陳文?耳鼻喉科診所,台南市北區公園路703號,06-2833398,120.2144726,23.01685383
3505310068,南區,臺南市,永康區,成美診所,台南市永康區中華路393號,06-3039028,120.233076,23.009423
3541311098,南區,臺南市,永康區,許進賢耳鼻喉科診所,台南市永康區大灣里民族路376號,06-2724321,120.266668,23.007929
3541312871,南區,臺南市,永康區,阮嵩翔耳鼻喉科診所,台南市永康區大灣路930號,06-2728334,120.255268,22.999642
3505370055,南區,臺南市,安南區,杏安耳鼻喉科診所,台南市安南區安中路一段675號1樓,06-2550296,120.197306,23.041803
3521062478,南區,臺南市,安南區,陳昱成耳鼻喉科診所,台南市安南區海佃路一段196號,06-2800178,120.191692,23.02494
3505050183,南區,臺南市,佳里區,佳安診所,台南市佳里區中山路188號 ,06-7237768,120.17718,23.15922
3521013108,南區,臺南市,東區,陳勃旭耳鼻喉科診所,台南市東區崇善路438號,06-3358868,120.22918,22.973756
3505060027,南區,臺南市,新化區,膚仕美診所,台南市新化區忠孝路142號1樓,06-5988605,120.303673,23.037899
3541061691,南區,臺南市,新化區,徐小兒科診所,台南市新化區中山路193號,06-5901995,120.3102999,23.03669633
3541280203,南區,臺南市,歸仁區,蘇祐嘉耳鼻喉科診所,台南市歸仁區中山路二段145號,06-2307147,120.290969,22.966987
3502054465,高屏區,高雄市,三民區,謝明容耳鼻喉科診所,高雄市三民區三民區大昌二路142號1樓,07-3973999,120.332324,22.644197
3502054527,高屏區,高雄市,三民區,黃志維耳鼻喉科診所,高雄市三民區建工路608號,07-3947605,120.323138,22.649477
3507320231,高屏區,高雄市,三民區,崇田耳鼻喉科診所,高雄市三民區建工路302號1樓,07-3899900,120.331613,22.653659
3502112104,高屏區,高雄市,小港區,合田耳鼻喉科診所,高雄市小港區漢民路337號1F,07-8013571,120.355224,22.567098
3502030554,高屏區,高雄市,左營區,加安耳鼻喉科診所,高雄市左營區左營大路95號,07-5816899,120.288363,22.682679
3502030723,高屏區,高雄市,左營區,楊宜璋耳鼻喉科診所,高雄市左營區明誠二路362號,07-5591007,120.307227,22.661249
3502033297,高屏區,高雄市,左營區,福山診所,高雄市左營區重愛路218號,07-3482323,120.315601,22.685597
3502070825,高屏區,高雄市,前金區,余國榮耳鼻咽喉科診所,高雄市前金區中華三路227 號,07-2167126,120.293929,22.633792
3542200272,高屏區,高雄市,梓官區,蔡政達診所,高雄市梓官區廣澤路2號2樓,07-6173295,120.255339,22.72978361
3507330595,高屏區,高雄市,新興區,雄大診所,高雄市新興區民族二路90號,07-2232000,120.3138301,22.63357609
3507310164,高屏區,高雄市,楠梓區,林邑樵耳鼻喉科診所,高雄市楠梓區益群路6號,07-3600819,120.297783,22.72363
3507310342,高屏區,高雄市,楠梓區,建霖診所,高雄市楠梓區鳳楠路248號1樓,07-3523006,120.329623,22.726123
3507310351,高屏區,高雄市,楠梓區,季建華耳鼻喉科診所,高雄市楠梓區加昌路618號1樓,07-3663331,120.298018,22.71554
3402040512,高屏區,高雄市,楠梓區,日月光半導體製造股份有限公司附設員工醫務室,高雄市楠梓區經五路123號,07-3617131#10003,120.3013484,22.72199139
3542011935,高屏區,高雄市,鳳山區,唯均耳鼻喉科診所,高雄市鳳山區海洋2路139號,07-7638199,120.348331,22.6128
3543031646,高屏區,屏東縣,東港鎮,侯友益耳鼻喉科診所,屏東縣東港鎮光復路一段311號,08-8337001,120.458326,22.469742
3543011779,高屏區,屏東縣,屏東市,華正診所,屏東縣屏東市華正路6號,08-7378806,120.5036206,22.68724362
3545011124,東區,花蓮縣,花蓮市,嘉光耳鼻喉科診所,花蓮縣花蓮市明禮路71之5號,03-8341440,121.608309,23.982284
3531022459,台北區,新北市,三重區,正一耳鼻喉科診所,新北市三重區正義北路310之1號,02-29848827,121.497932,25.062474
3531132478,台北區,新北市,土城區,祐生耳鼻喉科診所,新北市土城區中央路二段223-9號1樓,02-82614588,121.440678,24.973188
3501154420,台北區,臺北市,士林區,榮清耳鼻喉科診所,台北市士林區文林路483號一樓,02-28316878,121.524214,25.096174
3501154528,台北區,臺北市,士林區,小禾馨士林小兒專科診所,台北市士林區中正路289-1號,02-28827333,121.523988,25.094687
3501151901,台北區,臺北市,士林區,慈田耳鼻喉科診所,台北市士林區延平北路5段185號1樓,02-28123411,121.509998,25.083221
350102B364,台北區,臺北市,大安區,禾馨新生婦幼診所,台北市大安區新生南路三段2號1樓,02-23682333,121.53463,25.025779
350102C576,台北區,臺北市,大安區,小禾馨小兒專科診所,台北市大安區新生南路三段4號,02-23698833,121.534604,25.025575
4001020028,台北區,臺北市,大安區,尹書田醫療財團法人書田泌尿科眼科診所,台北市大安區建國南路二段276號,"02-23690211
#3310",121.537266,25.025172
3501108482,台北區,臺北市,中山區,詹益偉耳鼻喉科診所,台北市中山區北安路611號,02-25334711,121.54879,25.08253
3501105310,台北區,臺北市,中山區,高固?診所,台北市中山區北安路613號1樓,02-25323036,121.548872,25.082975
3501107645,台北區,臺北市,中山區,惟?診所,台北市中山區北安路595巷1號地下1樓,02-25323038,121.548528,25.082196
3501108277,台北區,臺北市,中山區,固?診所,台北市中山區北安路613號1樓,02-25323036,121.548872,25.082975
3501109532,台北區,臺北市,中山區,龍江固?診所,台北市中山區龍江路360號1樓,02-25170093,121.54089,25.066137
3501184731,台北區,臺北市,中正區,禾馨婦產科診所,台北市中正區懷寧街78號,02-23612323,121.51399,25.043099
3501185774,台北區,臺北市,中正區,小禾馨懷寧小兒專科診所,台北市中正區重慶南路1段99號2樓,02-23110353,121.513333,25.043099
3501112851,台北區,臺北市,內湖區,日新診所,台北市內湖區成功路五段446號1樓,02-26342743,121.607118,25.074805
3501113929,台北區,臺北市,內湖區,禾馨民權婦幼診所,台北市內湖區民權東路六段42號2.3.4樓,02-55713333,121.581657,25.06774
3501113750,台北區,臺北市,內湖區,禾馨內湖婦幼診所,台北市內湖區民權東路六段42號5.6樓,02-55713333,121.58166,25.0678
3501114186,台北區,臺北市,內湖區,小禾馨民權小兒專科診所,台北市內湖區行忠路191號,02-55713333,121.581768,25.067419
3501114257,台北區,臺北市,內湖區,禾馨眼科診所,台北市內湖區行忠路195號,02-55713333,121.582082,25.06757
3501114471,台北區,臺北市,內湖區,禾馨民權健康管理診所,台北市內湖區民權東路六段40號,02-55713333,121.581534,25.067754
3501114122,台北區,臺北市,內湖區,陽光活力診所,台北市內湖區瑞光路500號1樓及502號2樓,02-87973828,121.568271,25.079191
3501163312,台北區,臺北市,北投區,台北欣安耳鼻喉科診所,台北市北投區石牌路一段152號,02-28210501,121.51316,25.114276
3531033407,台北區,新北市,永和區,健新耳鼻喉科診所,新北市永和區永貞路297號,02-89210657,121.510841,25.005597
3531033612,台北區,新北市,永和區,葉春風耳鼻喉科診所,新北市永和區中山路一段204號,02-29256980,121.508733,25.008737
3531015810,台北區,新北市,板橋區,重慶耳鼻喉科診所,新北市板橋區國慶路204號,02-89517755,121.463474,24.996772
3531019407,台北區,新北市,板橋區,樂田耳鼻喉科診所,新北市板橋區文化路二段10號,02-82582968,121.46883,25.024041
3501172848,台北區,臺北市,信義區,松仁耳鼻喉科診所,台北市信義區松仁路231號,02-87808580,121.568742,25.026222
3534121075,台北區,宜蘭縣,南澳鄉,大愛診所,宜蘭縣南澳鄉蘇花路2段383號,03-9984388,121.803918,24.466003
3531061876,台北區,新北市,新莊區,新莊徐耳鼻喉科診所,新北市新莊區中平路373號,02-29907505,121.444615,25.052533
3531066853,台北區,新北市,新莊區,昕康耳鼻喉科診所,新北市新莊區建安街78號1樓,02-22013666,121.426503,25.0244
3501192144,台北區,臺北市,萬華區,盧漢隆耳鼻喉科診所,台北市萬華區環河南路二段197號,02-23361363,121.491752,25.032268
3501194237,台北區,臺北市,萬華區,維恩耳鼻喉科診所,台北市萬大路446號1樓,02-23056936,121.497845,25.020533
3534021963,台北區,宜蘭縣,羅東鎮,維揚診所,宜蘭縣羅東鎮中山路四段11巷6號,03-9510299,121.763555,24.673784
3535161046,北區,苗栗縣,三灣鄉,三灣診所,苗栗縣三灣鄉中正路91號,037-834233,120.954953,24.651886
3532026595,北區,桃園市,中壢區,寰東耳鼻喉科診所,桃園市中壢區環中東路187號1樓,03-4559069,121.258173,24.96416
3532027654,北區,桃園市,中壢區,小樹苗診所,桃園市中壢區五權里正大街27號一樓,03-4020968,121.204741,24.958358
3532022926,北區,桃園市,中壢區,吉康耳鼻喉科診所,桃園市中壢區元化路56號,03-4228133,121.22756,24.957539
3512042253,北區,新竹市,北區,健群耳鼻喉科診所,新竹市北區北門街50號,03-5266368,120.966064,24.806016
3512042520,北區,新竹市,北區,陳志成耳鼻喉科診所,新竹市西大路619號,03-5258626,120.958793,24.809932
3533052099,北區,新竹縣,竹北市,啄木鳥耳鼻喉科診所,新竹縣竹北市莊敬三路39號1樓,03-6586586,121.024942,24.822424
3533052946,北區,新竹縣,竹北市,嘉正耳鼻喉科診所,竹北市中正西路103號,03-5559596,121.000577,24.840717
3533052722,北區,新竹縣,竹北市,普懷醫學診所,新竹縣竹北市嘉豐五路一段197號,03-5506616,121.028834,24.81239
3512012906,北區,新竹市,東區,趙永康小兒科診所,新竹市東區北大路72號,03-5313931,120.971086,24.81181
3535012011,北區,苗栗縣,苗栗市,天恩診所,苗栗縣苗栗市中正路39號,037-277295,120.82458,24.568981
3532018128,北區,桃園市,桃園區,禾馨桃園婦幼診所,桃園市桃園區經國二路36號,03-3465333,121.296101,25.0290648
3532042124,北區,桃園市,楊梅區,建東專科診所,桃園市楊梅區大成路66號,03-4757716,121.145743,24.909694
3532091654,北區,桃園市,龍潭區,龍欣耳鼻喉科診所,桃園市龍潭區中正路254號,03-4808306,121.217266,24.862658
3532050528,北區,桃園市,蘆竹區,莊耳鼻喉科診所,桃園市蘆竹區南崁路302號,03-3125295,121.292416,25.05012
3536031832,中區,臺中市,大甲區,力倫診所,台中市大甲區蔣公路246號,04-26805889,120.619424,24.347256
3503260770,中區,臺中市,北區,詠康耳鼻喉科診所,台中市北區學士路312號,04-22352015,120.681089,24.162638
3503271915,中區,臺中市,西屯區,祥威耳鼻喉科診所,台中市西屯區青海路二段240-8號,04-27000132,120.645563,24.170529
3517062960,中區,臺中市,西屯區,翁耳鼻喉科診所,台中市西屯區青海路二段209-3號,04-24526346,120.6495592,24.1662212
3517064286,中區,臺中市,西屯區,林鴻任耳鼻喉科診所,台中市西屯區青海路一段116號,04-23111518,120.654302,24.164942
3503281582,中區,臺中市,南屯區,祥威黎明耳鼻喉科兒科診所,台中市南屯區黎明路2段446號,04-22541898,120.635127,24.15214
3538022395,中區,南投縣,埔里鎮,張大川耳鼻喉科診所（張大川聯合診所）,南投縣埔里鎮中山路三段87號,049-2998980,120.963241,23.966065
3537013865,中區,彰化縣,彰化市,葉易愷耳鼻喉科診所,彰化市中正路一段258號,04-7277679,120.546668,24.083791
3536012855,中區,臺中市,豐原區,呂維國婦產科診所,台中市豐原區中正路348號,04-25262889,120.713165,24.25098
3539012900,南區,雲林縣,斗六市,書菴耳鼻喉科診所,雲林縣斗六市太平路147號,05-5340808,120.541518,23.707979
3521042538,南區,臺南市,北區,蘇耳鼻喉科診所,台南市北區文賢路263號,06-3507711,120.193717,23.009553
3507301656,南區,高雄市,左營區,維寧好耳鼻喉科診所,高雄市左營區重愛路196號,07-3500850,120.316115,22.685195
3505310264,南區,臺南市,永康區,杏新耳鼻喉科診所,台南市永康區中山南路12-2號,06-3029066,120.226952,23.011683
3541310377,南區,臺南市,永康區,許崇哲耳鼻喉科診所,台南市永康區中山南路126號,06-2314815,120.230181,23.013175
3541312808,南區,臺南市,永康區,翁韶嶽耳鼻喉科診所,台南市永康區中華二路383號,06-3135216,120.231531,23.008306
3541313172,南區,臺南市,永康區,中正耳鼻喉科診所,台南市永康區正強街231號,06-2333566,120.251574,23.029662
3541312559,南區,臺南市,永康區,德安小兒科診所,台南市永康區永大路二段1538號1樓,06-2032000,120.260998,23.025331
3541051668,南區,臺南市,佳里區,劉亞伯耳鼻喉科診所,台南市佳里區延平路353號,06-7236765,120.178079,23.162834
3505320331,南區,臺南市,東區,楊博文耳鼻喉科診所,臺南市東區仁和路76之8號1F,06-2903911,120.230704,22.975262
3521012745,南區,臺南市,東區,喜樂小兒科診所,臺南市東區東光路1段106號1樓,06-2757869,120.231404,22.994121
3521013751,南區,臺南市,東區,大河馬耳鼻喉科診所,台南市東區東寧路230號,06-2751216,120.22511,22.990849
3505330088,南區,臺南市,南區,青禾診所,台南市南區金華路一段128號,06-2658288,120.18986,22.964396
3521020612,南區,臺南市,南區,林大傑耳鼻喉科診所,台南市南區金華路二段171號,06-2915660,120.191295,22.981265
3521022116,南區,臺南市,南區,王日榮耳鼻喉科診所,台南市南區大同路二段102號,06-2149955,120.212113,22.980509
3541012152,南區,臺南市,新營區,翁群超耳鼻喉科診所,台南市新營區民治路202號1樓,06-6565855,120.304844,23.30853
3502052345,高屏區,高雄市,三民區,儲昭仁耳鼻喉科診所,高雄市三民區九如一路854號,07-3890470,120.318738,22.640239
3502032432,高屏區,高雄市,左營區,薛智峰耳鼻喉科診所,高雄市左營區華夏路703號1樓,07-3439190,120.302074,22.678187
3502090694,高屏區,高雄市,前鎮區,吳泰成耳鼻喉科診所,高雄市前鎮區林森三路150號,07-3361136、06-3360326,120.308862,22.613571
3507360600,高屏區,高雄市,前鎮區,明真耳鼻喉科診所,高雄市前鎮區永豐路19-6號,07-7213456,120.333507,22.603961
3543014387,高屏區,屏東縣,屏東市,李俊弘耳鼻喉科診所,屏東縣屏東市廣東路633號,08-7377555,120.496504,22.684975
3543011555,高屏區,屏東縣,屏東市,江耳鼻喉科診所,屏東縣屏東市端正里中華路49號,08-7669471,120.489864,22.67237
3502060534,高屏區,高雄市,新興區,紀耳鼻喉科診所,高雄市新興區林森一路154-1號,07-2719087,120.304734,22.629749
3502041824,高屏區,高雄市,楠梓區,郭士彰耳鼻喉科,高雄市楠梓區後昌路862-1號,07-3683235,120.313016,22.720527
3507290283,高屏區,高雄市,鼓山區,南加大耳鼻喉科診所,高雄市鼓山區明華路303號,07-5525711,120.300349,22.663333
